{
  "train_loss": [
    1.4650141038065372,
    1.1054403953966887,
    1.0526576174860416,
    1.0367860983765644,
    1.0243236336500747,
    0.9478556402869847,
    0.8569145700205927,
    0.8105739661921626,
    0.7773259395101796,
    0.7532102576546047,
    0.7281561484544173,
    0.7086585820239523,
    0.6986896589527959,
    0.6822426731690117,
    0.6713083178064098,
    0.6622943312188854,
    0.6588766145706176,
    0.6514804236785225,
    0.6445898551526277,
    0.6386122432998989,
    0.6320841944735983,
    0.6306033677640168,
    0.6286308433698571,
    0.6273874234116595,
    0.6220532373760057,
    0.6225916418821915,
    0.6211274520210598,
    0.6190069190315578,
    0.6160699116665384,
    0.6156202419944431
  ],
  "train_acc": [
    0.6055978260869566,
    0.7159782608695652,
    0.7401630434782609,
    0.748641304347826,
    0.7535326086956522,
    0.7985326086956521,
    0.8464130434782609,
    0.872445652173913,
    0.88625,
    0.8959782608695652,
    0.9072826086956521,
    0.9159239130434783,
    0.9213586956521739,
    0.9265760869565217,
    0.931141304347826,
    0.9336413043478261,
    0.9348913043478261,
    0.9389673913043478,
    0.9410869565217391,
    0.9416304347826087,
    0.9451630434782609,
    0.9442934782608695,
    0.9459782608695653,
    0.9470108695652174,
    0.9488043478260869,
    0.9470108695652174,
    0.9479347826086957,
    0.9483152173913043,
    0.9501630434782609,
    0.9505978260869565
  ],
  "val_loss": [
    1.0928034148897443,
    1.002598408290318,
    0.9802768530164446,
    0.9629930417878287,
    0.9594304432187761,
    0.8610518441881452,
    0.8069889872414725,
    0.7682923838070461,
    0.733868989263262,
    0.7225586802618844,
    0.7048556821686881,
    0.691898775441306,
    0.6754965322358267,
    0.6668778422900609,
    0.6571109437942505,
    0.6516295569283622,
    0.6424981505530221,
    0.640430063860757,
    0.6348320286614554,
    0.6327814371245248,
    0.6257722040585109,
    0.6237072212355478,
    0.6203080878938947,
    0.6190127216066633,
    0.6176829746791295,
    0.6161660759789603,
    0.6156045998845782,
    0.6132849362918309,
    0.6128263129506792,
    0.6145766122000558
  ],
  "val_acc": [
    0.7485714285714286,
    0.775,
    0.7835714285714286,
    0.7878571428571428,
    0.7828571428571428,
    0.8403571428571428,
    0.8707142857142857,
    0.8867857142857143,
    0.9021428571428571,
    0.9082142857142858,
    0.9110714285714285,
    0.9189285714285714,
    0.9225,
    0.9239285714285714,
    0.93,
    0.9321428571428572,
    0.9335714285714286,
    0.9367857142857143,
    0.9385714285714286,
    0.9375,
    0.9407142857142857,
    0.94,
    0.9435714285714286,
    0.9421428571428572,
    0.9417857142857143,
    0.9425,
    0.9435714285714286,
    0.945,
    0.9428571428571428,
    0.9439285714285715
  ]
}